{"cameraMode":{"drawMode":0,"name":"Shaded","section":"Shading Mode"},"sceneLighting":true,"audioPlay":false,"sceneViewState":{"m_AlwaysRefresh":false,"showFog":true,"showSkybox":true,"showFlares":true,"showImageEffects":true,"showParticleSystems":true,"showVisualEffectGraphs":true,"m_FxEnabled":true},"in2DMode":false,"pivot":{"x":11.085734367370606,"y":11.127516746520996,"z":65.63961029052735},"rotation":{"x":-0.09109144657850266,"y":0.5165529251098633,"z":-0.055383890867233279,"w":-0.8495936393737793},"size":9.751582145690918,"orthographic":false}